<?xml version="1.0" encoding="UTF-8"?>
<!DOCTYPE facelet-taglib PUBLIC  
"-//Sun Microsystems, Inc.//DTD Facelet Taglib 1.0//EN"  
"http://java.sun.com/dtd/facelet-taglib_1_0.dtd">  

<facelet-taglib>  
    <namespace>http://my-own-component</namespace>
    <tag>  
        <tag-name>errorMessage</tag-name>
        <component>  
            <component-type>com.jairrillo.component.errorMessage</component-type>
            <renderer-type>com.jairrillo.component.ErrorMessageComponent</renderer-type>
        </component>  
    </tag> 
</facelet-taglib>  